{
  "setting": {},
  "condition": {
    "plugin": {
      "list": []
    },
    "game": {
      "list": []
    },
    "gamePlugin": {
      "list": []
    },
    "miniprogram": {
      "list": [
        {
          "name": "树洞",
          "pathName": "pages/message/message",
          "query": "",
          "scene": null
        },
        {
          "name": "主页",
          "pathName": "pages/index/index",
          "query": "",
          "launchMode": "default",
          "scene": null
        },
        {
          "name": "home",
          "pathName": "pages/home/home",
          "query": "",
          "scene": null
        },
        {
          "name": "游戏",
          "pathName": "pages/games/games",
          "query": "",
          "scene": null
        },
        {
          "name": "预约",
          "pathName": "pages/reserve/reserve",
          "query": "",
          "launchMode": "default",
          "scene": null
        },
        {
          "name": "个人中心",
          "pathName": "pages/user/user",
          "query": "",
          "launchMode": "default",
          "scene": null
        },
        {
          "name": "关于我们",
          "pathName": "pages/about/about",
          "query": "",
          "launchMode": "default",
          "scene": null
        },
        {
          "name": "新增照片",
          "pathName": "pages/add/add",
          "query": "",
          "launchMode": "default",
          "scene": null
        },
        {
          "name": "新增故事",
          "pathName": "pages/addstory/addstory",
          "query": "",
          "launchMode": "default",
          "scene": null
        },
        {
          "name": "我的分享",
          "pathName": "pages/myshare/myshare",
          "query": "",
          "launchMode": "default",
          "scene": null
        },
        {
          "name": "我的留言",
          "pathName": "pages/mymessage/mymessage",
          "query": "",
          "launchMode": "default",
          "scene": null
        },
        {
          "name": "素材",
          "pathName": "pages/material/material",
          "query": "",
          "launchMode": "default",
          "scene": null
        },
        {
          "name": "上传短片",
          "pathName": "pages/addvideo/addvideo",
          "query": "",
          "scene": null,
          "launchMode": "default"
        }
      ]
    }
  }
}